S1-Left,S2-Left,S3-Left,S4-Left,S5-Left,S6-Left,S7-Left,S8-Left,S9-Left,S10-Left,S11-Left,S12-Left,S13-Left,S14-Left,S15-Left,S16-Left,S17-Left,S1-Right,S2-Right,S3-Right,S4-Right,S5-Right,S6-Right,S7-Right,S8-Right,S9-Right,S10-Right,S11-Right,S12-Right,S13-Right,S14-Right,S15-Right,S16-Right,S17-Right
23.7688454296843,25.2083929072592,27.799071469213,24.0583012526671,23.7949091526677,31.2255640123877,28.4588944890755,23.5190371723876,27.2813279146751,27.2372256724705,24.0539868457584,25.4847880692596,30.0791810399439,24.8384771977187,22.0776724392259,28.7290317602266,23.1221392095257,26.1626856319423,24.1438966562182,25.0838972016103,22.325446367501,24.3310045069665,27.0431464355476,30.7118131647557,20.2696411319046,24.203370476704,26.2210601167538,24.9253720998932,23.7699502190506,28.3608910047644,28.3448037230713,26.2995726435859,29.402063227384,23.803171657833
24.0745949253514,25.6114263227429,28.2375956766397,23.8558417896048,23.2765072682892,31.4192866916507,28.9260325143089,23.884217184174,27.6809094752071,27.3637036926264,24.3169298551724,26.0865014205635,30.3701527272122,24.5138619051586,22.2190619932279,28.9596918289058,22.9602729620963,26.6199792700073,24.4741515306315,25.4717380273021,22.5166800456788,24.1137236630931,27.4676279154211,31.1681892427353,20.7613674771505,24.6920924293152,26.3793224155643,24.9175276601265,23.9898722573299,28.7440344476709,28.1697650865889,26.782796406417,29.5828052452372,24.0426076629016
24.2760647682526,25.8688632268134,28.4552018321559,23.625999392979,22.5010841454153,31.5900230740149,29.2188407584112,24.0032057862703,27.9155337317153,27.2837374089937,24.6543904018576,26.5890271959228,30.5505912516182,24.1258726099438,22.235878683677,28.9100562712542,22.6015186517222,27.1142195036264,24.7358495656685,25.644876301797,22.5766600007516,23.6226406539188,27.7649733352916,31.4130182910635,21.1259855593752,25.0542035034137,26.3551961974611,25.0513745617307,24.0166990332046,29.1298142557592,27.857959889924,27.1206747973226,29.5378720794003,23.9960065800962
24.2197297285443,25.9827914319962,28.3703184313567,23.2047733430454,21.4598846259222,31.7012526037248,29.2221585412038,23.7671162525495,27.8752740531804,27.006657778329,24.958866971356,26.7871822211668,30.6320392115031,23.7302283474809,22.0490104017125,28.5638087898814,21.9637234527555,27.4252721578864,24.9066490757582,25.5881585028506,22.4188331754778,22.807093887128,27.8677664448633,31.3317573033607,21.1313223739816,25.2107801709062,26.1410928290164,25.1958071745789,23.6283164635333,29.4828629931819,27.4508627868492,27.2506377195773,29.2738829822028,23.6432737740779
23.880368552317,25.9442362381248,27.9537131767805,22.568474075868,20.2761744187638,31.7194213512094,28.8351053147783,23.1103493265993,27.5878444641523,26.5191259831644,25.0659000844882,26.4944617346878,30.5848023974807,23.4108955381127,21.6492729790101,28.2382467044201,21.0199088948622,27.3965955398238,24.9395961784699,25.2583444129976,21.8820025766568,21.7806772186483,27.7635306546601,30.9136985812261,20.6357939542554,25.1229154826726,25.681779520263,25.1811553797075,22.7211781414625,29.6560958489672,27.0618111888912,27.2012885154679,28.9438874047194,23.0252321814791
23.4636461706732,25.9020643995362,27.4075298657025,21.9771774775256,19.2088015568857,31.6159301991395,28.1172454192175,22.3076403092137,27.2976568458788,26.110530850751,24.9072892132401,25.7814255603128,30.2938845146922,23.2818764033625,21.1744167191523,28.2198268688255,19.9245254225626,27.1264749342542,24.9380830234799,24.7842052660788,20.9685141857418,20.8285657265631,27.5211032354613,30.4129042059423,19.8276291760985,24.8624604738422,25.2820502473642,25.1071501567296,21.4079208187278,29.4041376449868,26.8823181707196,27.1314852719207,28.7196150178772,22.311065156419
23.2128174072877,25.898159343215,26.9296789191731,21.6076515641206,18.3877314009651,31.4128417273713,27.4634048825448,21.8343174760873,27.1625986624636,25.8978609884723,24.7265217237738,24.9256095308251,29.7232729206462,23.2576797705288,20.8090127847153,28.1474073755565,18.9591561860237,26.8700636756552,24.9329194869303,24.3737722654087,20.0377485012929,20.0750930852765,27.1701249072645,30.1584659463908,19.2595168419582,24.6527357393646,25.0114204151141,25.2426415722743,20.1161007906796,28.7252446329437,26.7515656461821,27.1411623998176,28.434643026845,21.7526607105584
23.1936968699408,25.6456273820873,26.5209882628662,21.2351934045752,17.6539126415578,31.1544458996881,27.0699266455008,21.6403100719257,26.9799458773676,25.6045562480891,24.5774129171867,24.1289020971793,29.0261967160201,23.0905273854953,20.5755770423799,27.771450727537,18.2607181760267,26.8357474850096,24.6507543971112,24.041281650485,19.2742574545897,19.3807059125453,26.7100023048371,30.0897980202902,19.0703567127032,24.4942191361428,24.62727714365,25.3996420083901,19.0352910598675,27.9721762768027,26.3502559867508,27.1249991309435,27.9462277883644,21.4027940810252
23.2379704466135,25.0413936390967,26.1281051779467,20.6755343552702,16.8787588260001,30.7862382831142,26.8112088144089,21.3951803660779,26.5472817373701,25.0239445989481,24.2854645628503,23.5438604501936,28.3477777402991,22.5496871264669,20.3435839790469,27.137058449827,17.7644200102182,26.9609947335956,24.0669142595974,23.6518660485318,18.5357874908829,18.6787485670588,26.1271755730457,29.959220970159,18.9450980871338,24.2323754899334,23.9448204830473,25.2357549060703,18.1235131397688,27.3108574024333,25.5498487337652,26.9737900633037,27.3022102885628,21.1640505789225
23.1921896853536,24.2238007416782,25.7382507640953,19.987108912438,16.1399600328176,30.2612954659902,26.5744484850469,20.9691027194291,25.8259859387401,24.1705588082511,23.7113245267967,23.1502992214459,27.7616246916747,21.5071307171298,19.9927585018757,26.4343971002249,17.3334705593551,27.0970182621817,23.2572359203176,23.1732223915984,17.6992119963077,17.9730570273417,25.3920398692537,29.6219312758396,18.6794726363153,23.7817748768291,23.0214732673417,24.7046845815663,17.2863528999881,26.8070700211017,24.4236495908906,26.6180165730227,26.6555199203257,20.9079038628814
22.973967497299,23.361987007282,25.3053914302335,19.2034458693558,15.4259560569984,29.5282850136158,26.2380050915499,20.3259284247958,24.8865478569893,23.2287576457589,22.853870156346,22.7930899874354,27.1827084040535,20.1531811236472,19.4282849552668,25.7627088940006,16.8493038844481,27.0824903867556,22.325435352623,22.622327107416,16.7177323266325,17.2724949809492,24.4953285176284,29.022407884534,18.2132070639208,23.0720898010759,21.9935793468215,23.9667178552724,16.5371929860204,26.4095082375611,23.1835651181859,25.9902376720506,26.0606781894253,20.4861351429812
22.538415387356,22.5387745063678,24.7607938054998,18.3195569599245,14.6584228931388,28.5549221190078,25.6538366448355,19.5527658025249,23.808932833595,22.2898810476957,21.8387803441206,22.3482017966341,26.4602644114688,18.8041945873304,18.5537222673807,25.0750106286258,16.2277140816542,26.8382584312986,21.3096382442802,21.9148303065401,15.6553979914473,16.4964845362976,23.4606073005194,28.1983754019177,17.5936535206105,22.1226225221689,20.9191607047192,23.1712554221436,15.7850569386077,25.9807680537715,22.0303870402767,25.0731667374996,25.3817676424121,19.8031246102494
21.942861543245,21.7189790365988,24.0742791173714,17.3416118705523,13.7935698550683,27.418034453448,24.6668182978348,18.6257913060358,22.6317787843704,21.2874687952482,20.8002519434344,21.8464347813653,25.5191185518878,17.6648672462548,17.4146482224364,24.3501503588016,15.4203875283444,26.3965668643927,20.1793011113275,21.02431438748,14.5619959465444,15.6539147744443,22.2998036284006,27.2367973430409,16.8972279157166,21.0535379616768,19.7970757169635,22.3603453461911,14.9648282279592,25.3650837209901,21.0443030488122,23.9890700350364,24.592075858387,18.853770980836
21.2713324134149,20.9048909596201,23.2704404825276,16.3315306998535,12.8861153133454,26.2569952319257,23.2942769317336,17.5423220045573,21.3405432696184,20.1889320768095,19.8216565017086,21.2565481583726,24.3585314216924,16.8187225741187,16.1131093903998,23.563124025859,14.473576443825,25.8129385410103,18.9933858392168,19.975511870003,13.4865926137549,14.7792156388269,21.0730467296994,26.1423082328254,16.103032848553,19.9002320383681,18.7452897986815,21.5721797038917,14.0282128919802,24.4694611499076,20.2414993076154,22.8440715981289,23.7879619904324,17.7910052027715
20.5368513734759,20.0789579798478,22.3608318124706,15.3545369024255,12.0181501161005,25.1407554332821,21.7889405241118,16.4156228861576,20.0001708476275,19.0500897889766,18.9761701943586,20.5956094619687,23.09353037148,16.2244463135111,14.7773530735324,22.693399205824,13.4821587639883,25.1464561945935,17.8580174352317,18.8865966121207,12.4969167172987,13.9034593257474,19.828418197174,24.973097229401,15.2143272066324,18.6622103093024,17.8033777003786,20.8633850261876,13.1567764568834,23.3508576538927,19.5453629757433,21.7197534046899,22.9533679374302,16.7865805155343
19.7830746375962,19.2682884224867,21.403144887577,14.4286692449602,11.2058633546282,24.1344564797722,20.4100346150577,15.3460705196941,18.7073775065869,17.9877454846648,18.2800689364594,19.8723048580937,21.8116898805254,15.724840121376,13.5073712692547,21.7045373064521,12.5643010372191,24.4677185313526,16.8408130393398,17.7982982313864,11.5800616421838,13.0569110384947,18.6092711108827,23.8085509075266,14.2508765173148,17.3916655683469,17.0310921553019,20.2595176561068,12.3711844345836,22.1350725691824,18.8605857866912,20.6738681633679,22.0304750227209,15.9178500231698
19.0758019386104,18.4737213094709,20.4225031893805,13.5288734968312,10.4087308280618,23.2389157563265,19.2783349824606,14.4007705315137,17.5281872828405,17.1047276111953,17.6986759772343,19.1316015672337,20.5593500949824,15.2151484498883,12.3570305510681,20.6505653172022,11.7463329207822,23.815466103235,16.008379104556,16.8124586808592,10.70988790442,12.2250047281837,17.4889419175853,22.7699236980497,13.292986523844,16.2225222701641,16.3986907946853,19.7174989982345,11.6899863626164,20.9341525028044,18.1123485469888,19.7255848837804,21.0100429945924,15.1591286341164
18.4263426116626,17.7059856685013,19.4892836004273,12.6624357397557,9.60223024507411,22.416375322802,18.386320770496,13.5446875186522,16.4504408412161,16.3599429944595,17.1828803196805,18.4190525984727,19.3809782165199,14.5112662580924,11.3315474143117,19.5498188690998,11.0279540412328,23.1884211601405,15.3684744253719,15.9425812204376,9.86775648243059,11.4461879861876,16.5133435271411,21.8650167662575,12.4036031984591,15.2494706873883,15.7623125172013,19.1922261670162,11.0821467689305,19.8416252577863,17.1769006811907,18.855224032729,19.9246583446398,14.4498307838161
17.8076478482396,16.883415063918,18.5890376462235,11.8628241260575,8.77124533252912,21.6388569456146,17.6769315848627,12.7817179048753,15.4149536670416,15.5947834580877,16.6960408973425,17.7393948719364,18.2820861353461,13.5537265580945,10.4053476337787,18.4373250626156,10.3392566437122,22.6008711253566,14.7740813857151,15.2217386236963,9.05640519668502,10.6557059152836,15.6528555211826,21.0603658700786,11.6226241661424,14.4163678112343,14.9821903709427,18.6215654767548,10.5924639948276,18.9804841372709,16.0276931372923,17.9761990756462,18.7902966403925,13.70785004008
17.1821749787848,15.959296707716,17.6767420214709,11.1055345052588,7.93553322028944,20.8883047667742,17.0489313520762,12.0321358729177,14.379905567413,14.6838880459689,16.1751458852467,17.0617492352644,17.2878170144995,12.4768047368008,9.49875067094369,17.3009878074162,9.57805086819062,22.0205001198055,14.0632335483288,14.5671727003732,8.26698962533273,9.87321683912657,14.8774889251927,20.3097398268948,10.9133919085787,13.5952906564021,14.040631118049,17.966017556488,10.2070866200907,18.3273785252769,14.7611100459307,17.05821645683,17.6073926210383,12.8938709615868
16.4914463565564,14.840310810905,16.6859948579603,10.2779014908077,7.11174729254372,20.0798481248756,16.3323508278964,11.2357644453349,13.2888929868966,13.6156937094023,15.5228540018772,16.3906467230342,16.4273737753779,11.3685984252309,8.54282632849569,16.1163832965489,8.7345514673613,21.3631570508464,13.1910281232621,13.8685944225038,7.45409667386163,9.06468082548742,14.1252516934563,19.5679039580957,10.1853368374856,12.6566389933751,12.9009955280925,17.1986771459979,9.92532054238775,17.7841292026748,13.5162093808151,16.0479687188282,16.3895641079571,11.9874259877934
15.6846547228222,13.5669251997913,15.5589052327546,9.31450300049648,6.3184550352325,19.1735534383649,15.3800022560011,10.3722571836406,12.1084444506528,12.4509773686002,14.6882120337332,15.705777170888,15.7204419846292,10.3329359357892,7.47930506440228,14.8959042678948,7.83783869578496,20.578952271577,12.1490318452062,13.0485339287976,6.51678633686059,8.26826672788459,13.3353511086413,18.6767955534417,9.34650271199245,11.5754468129272,11.5912190967618,16.306364666261,9.6691718015071,17.2736652394728,12.3371437354761,14.9293152888625,15.1393594140054,10.9794885468982
14.7652873407387,12.2523452034863,14.3367517343253,8.24822856928325,5.55324371651038,18.1975723158551,14.1538886716335,9.46143243354587,10.8860584100894,11.2391521305758,13.6997369188421,15.0382827837303,15.106119919881,9.36620796062212,6.30645589656213,13.6600756633901,6.87134294982863,19.6464660898596,11.0303738600114,12.0906593008794,5.46481510436523,7.48390751651058,12.4853921108809,17.6295667688927,8.42109919899344,10.4149666137845,10.2555818272482,15.3066419935542,9.35841853332727,16.6948744871558,11.2337654974545,13.7158678541154,13.884203973262,9.89478333405882
13.7828133474577,10.9708663104188,13.0254703044587,7.13900379754963,4.81512199317168,17.1392936856903,12.7359678013831,8.48908937750332,9.6091106210114,10.0281515934594,12.5992856689824,14.3394780542504,14.4898970080143,8.46428351416944,5.05401582372445,12.4617319861114,5.86099857396577,18.6032572740064,9.88218555981946,10.9890672061796,4.38524631168014,6.72858955351212,11.5687534580387,16.4259303101134,7.44159898857559,9.19655344640149,8.93416032424996,14.1959693663177,8.95037386446289,16.0245186229819,10.2180828673794,12.4359311601163,12.6537116174919,8.77712016820923
12.7793484509643,9.77675041308355,11.6865028113265,6.03492926011272,4.09991557525784,16.0560491060676,11.2368961147643,7.44100106093587,8.31957007664164,8.80408855621901,11.4181619006886,13.5241150205618,13.8588819959425,7.63082528049528,3.75397572403861,11.3199098192798,4.84688094931532,17.4993703812573,8.74303463237583,9.7944280856221,3.36444465169571,5.98632147307877,10.6449214884142,15.0992302260674,6.40707511307469,7.9958749797645,7.65039627172311,13.0212177210704,8.40864977208427,15.2565243862597,9.26609459969344,11.1309490440421,11.4930677251609,7.66360459243807
11.801879264116,8.66991550379774,10.2903513755067,5.00624791925911,3.43139884920976,14.9346082051346,9.78745658929448,6.30265889986816,7.04624105959222,7.59727931319325,10.189902849965,12.7743198027643,13.1868431902255,6.82525307933431,2.45016747711418,10.224307435805,3.85570460109085,16.3871904101379,7.61428999851046,8.5284613938961,2.42521508527489,5.28951754666143,9.66528321466355,13.7524269999708,5.32670321083467,6.81432323493112,6.41442857688653,11.8219367342881,7.78227195289015,14.3960180994849,8.35632217400969,9.82399370660968,10.3987117075155,6.58051440705686
10.8420991875187,7.58858110333482,8.90007994653396,4.06638316755101,2.77459773225399,13.7703279201866,8.43641453151526,5.10330840016391,5.78341625942706,6.40975497303283,8.95947657177422,12.0230901558649,12.3878281256344,6.00513355556721,1.16431536825009,9.18254179771827,2.90177967950752,15.3066195375238,6.51375815857823,7.23757596660097,1.5377192233412,4.61238921822245,8.62982920876852,12.414636449405,4.19202737188469,5.6696237979467,5.2385278060159,10.6477324747447,7.09256153834566,13.4462036368051,7.43685818472652,8.52597558177785,9.38110732948987,5.51450904784844
9.93450741849974,6.54396924195976,7.51437932582387,3.23258897781461,2.12313480375382,12.5435938542494,7.17731996643501,3.87495464974803,4.55276461719341,5.29109725398919,7.77646269853602,11.2021991431891,11.4567370990892,5.15309675762012,-0.0859239408614668,8.18209235494488,1.99634379999242,14.2867873980915,5.46476436303218,5.97510141420739,0.720582470393971,3.91218280658022,7.55051520741836,11.1201549698995,3.00603058963752,4.52799651878107,4.12317107338975,9.50406945069031,6.35443137796156,12.369378905987,6.53215328859585,7.2323140963825,8.39630954994449,4.47413986561925
9.08662707650237,5.5168250508779,6.18389938878711,2.4985348948174,1.43903644392461,11.2775150433559,5.96683678343808,2.67729040469444,3.33392005159113,4.27442994915887,6.68039635768307,10.3205558798374,10.4036670856153,4.27938679970985,-1.31445726647559,7.20978406642972,1.12664665961116,13.3493482023114,4.48933570020929,4.7812217486377,-0.0122316598769829,3.18931450238912,6.44025335570718,9.91558998044591,1.78972048256858,3.36589725907163,3.08340655376616,8.42338351854709,5.62390758464768,11.1876686627242,5.63505249371993,5.92447466526861,7.43481363819634,3.49006256120814
8.31612628509231,4.54215874855181,4.90984524856588,1.82315858385679,0.726153218991165,9.98154083340621,4.78937186493137,1.53057192204778,2.09741605565002,3.32805579586229,5.66803915046103,9.49052337381121,9.28808543110274,3.4314238680973,-2.55211592113164,6.26859988071817,0.311461287953313,12.4658278722475,3.56092183111319,3.6685078953454,-0.661899333964645,2.41945071768125,5.31957831098167,8.82917312820303,0.573568211128574,2.19238092632663,2.12411149824088,7.4270427495579,4.8618943586064,9.97576643853651,4.7393941243219,4.60766135501338,6.49691953450175,2.54228490468588
7.59282188147434,3.61326304314558,3.69595345887831,1.15779368566166,-0.0357222603996197,8.68765133537613,3.64418249188253,0.436756645946685,0.831838626430531,2.45117129012197,4.74219502009379,8.75025816920694,8.16592288256279,2.64488294730537,-3.77072228271625,5.35084947761805,-0.472633772799687,11.6454874062249,2.65532911689152,2.61716417639887,-1.27867295760111,1.58501778094801,4.20227895227772,7.84413951879369,-0.609176106092215,1.03687446274709,1.21390331917398,6.51534046947798,4.01872375890794,8.77239269867354,3.91220837816651,3.29492490617224,5.56766355422033,1.64696921232295
6.91303186590364,2.70475192470198,2.57344627783555,0.478551953100494,-0.837055139289515,7.43196837786013,2.53830153588053,-0.585237803009718,-0.450708701316211,1.62103204364997,3.88653593944535,8.0590567460705,7.04795426112076,1.8886959004229,-5.01017314725826,4.42739307267973,-1.23869682274496,10.8586673983758,1.73840712812383,1.6149858764577,-1.87473794812133,0.684463735857756,3.07278238818498,6.95273755442503,-1.7355398124194,-0.127037426345346,0.344268156156586,5.67148713751614,3.14486372153545,7.57110806552224,3.11335117686951,2.00067835935599,4.65394195715316,0.804872061175769
6.25812895272804,1.77246522354417,1.50240552393089,-0.221702019101158,-1.65736586034183,6.22308126309972,1.47921668119973,-1.5164913879063,-1.75093998647195,0.812525754362082,3.0947098106767,7.40571988578235,5.95291391830313,1.16683840170344,-6.23595120135209,3.49576167983143,-1.99675450755861,10.0697940987661,0.755183199267318,0.660361498184367,-2.50034329716111,-0.256189543201057,1.95431153441522,6.15706344438186,-2.82046930688824,-1.31674860010281,-0.500812542232357,4.87220479531976,2.28913128982207,6.35099527354116,2.34946991988079,0.749571524351753,3.74309904567599,-0.00305099829210759
5.61043867691132,0.807455288871257,0.477104607248381,-0.931801583422828,-2.4836451822379,5.06011888534314,0.455422624117255,-2.38988262042417,-3.04684758094211,0.0158903097598876,2.35434611759554,6.73299771137726,4.88538468485314,0.482557345314923,-7.45882871109358,2.55222860346096,-2.75147704454979,9.28638512053677,-0.245772780570914,-0.247689211710798,-3.15296270974119,-1.24088872370594,0.821993981661889,5.4021686977219,-3.85024329586429,-2.48900205671778,-1.34076176769109,4.10246939130347,1.4746473261401,5.09294071838169,1.58806952525207,-0.457357144328462,2.83706006629805,-0.767719339092336
4.97916402860634,-0.194161108925705,-0.524421479666813,-1.62407716974349,-3.29582695670794,3.93287247262559,-0.557722124722303,-3.2080857657104,-4.3123825416759,-0.788910238140696,1.63376708432943,6.01475895028779,3.79039016026525,-0.187710504301491,-8.67492104099657,1.61931589843901,-3.49380249213897,8.50238901199548,-1.26564537737596,-1.09628676992004,-3.81224545126756,-2.23249474289322,-0.275893887959032,4.67230118554334,-4.81284148418664,-3.65033580341862,-2.18770939046757,3.36616283880172,0.650719535964501,3.76732367350587,0.834924938970082,-1.62950347659133,1.9315952874453,-1.4847371258275
4.36136799113956,-1.21668368986306,-1.49429150815195,-2.27697718575335,-4.09431861897948,2.81187808196708,-1.54802463842572,-4.01091932912243,-5.54077380591098,-1.61089410675791,0.947895801919634,5.30013888466044,2.64890946608536,-0.824555215870327,-9.8977133653907,0.668217041825242,-4.21553726098443,7.69805236999491,-2.28907588224851,-1.90284898881135,-4.4797481053376,-3.19024494624641,-1.39310356324991,3.91230772293099,-5.75138035956227,-4.78350094422425,-3.06612167644703,2.64715576670081,-0.149476191079056,2.34966851900087,0.0839693366116823,-2.77360063369496,1.02305306018358,-2.16055265248408
3.74161624966668,-2.23683956078723,-2.42175477994642,-2.88775259767692,-4.84667095311564,1.66125253836953,-2.53461778613287,-4.77725381156575,-6.70822382236434,-2.46336090944492,0.275745056500331,4.56524421165596,1.4283272662152,-1.45246640432404,-11.1490776597157,-0.264253578709237,-4.91190307753315,6.83517458595263,-3.29914728987519,-2.67813240171869,-5.10562941236063,-4.10760506199765,-2.50586432955595,3.10121819356409,-6.65999974023665,-5.86592542295492,-3.97693642244796,1.93997564401068,-0.898680275739977,0.861946275875113,-0.665278948594411,-3.92598708616108,0.13319885580018,-2.83819741134506
3.11402598126278,-3.2699376783141,-3.31263873604367,-3.45253043453615,-5.53539721389084,0.469784691464341,-3.50837437027668,-5.52409096830585,-7.82544610819374,-3.32634367040043,-0.383402913099737,3.84982666234424,0.140344910175892,-2.08794007819547,-12.4229139221153,-1.18975237774656,-5.60748696181648,5.96991808252395,-4.32374785603671,-3.40327757622221,-5.72197591733509,-4.93226297026434,-3.64117564910255,2.25070033272245,-7.53810621775373,-6.91199436259706,-4.93174148861131,1.24669392570398,-1.58872409736105,-0.66643479901637,-1.39833962693419,-5.09420796170053,-0.757476092076424,-3.51968223430482
2.48285717328341,-4.35242508195283,-4.16199010549342,-3.98360131349707,-6.15992885519911,-0.79665056591562,-4.46497616767364,-6.20196099460467,-8.90910545735243,-4.23535052743444,-1.0192540238028,3.16949139421921,-1.17873506491616,-2.72178555314962,-13.7369810638777,-2.09956793311862,-6.3100001398759,5.03811194190257,-5.33303078552377,-4.11216036595558,-6.35021204683863,-5.64816413100637,-4.79602718758088,1.33674267741225,-8.31928897728288,-7.90533421302481,-5.93857280670256,0.571002468614329,-2.23383441707517,-2.19411303026094,-2.14337074460679,-6.28552044974068,-1.64301168999254,-4.23144418028796
1.82495511969118,-5.49644024872209,-4.95682433886166,-4.51483663453104,-6.75390368802206,-2.12852429656539,-5.41497850445022,-6.84335893878227,-9.96581468375933,-5.18364803898417,-1.66773626469281,2.51283360185669,-2.48056301006652,-3.38154194070947,-15.0718718017941,-3.01356168974638,-7.03188133456853,4.07727220391209,-6.32874244310354,-4.79348582541875,-7.00610236520894,-6.31873621630197,-5.9621342357926,0.38150480576148,-9.02613684115252,-8.88996527156477,-7.01063404525637,-0.0807469904250241,-2.86682590129326,-3.6634135154813,-2.8763046403343,-7.51195142816481,-2.54170329797339,-4.98477309690354
1.12670566522383,-6.68030576229132,-5.71328466299432,-5.07505393828538,-7.34567015483663,-3.48843565826876,-6.35461548144492,-7.44695398420388,-11.0051024017774,-6.1883932858186,-2.33486431985818,1.87527427165858,-3.72085137137076,-4.08035322109604,-16.4333491909226,-3.95090410356115,-7.78353387280745,3.07762666497226,-7.32920002154736,-5.48651517040806,-7.72329174274666,-6.96971541790061,-7.14063656024912,-0.615097397093378,-9.63131882434751,-9.86790290755571,-8.14839256829836,-0.727834395291049,-3.54041604619353,-5.06598301880452,-3.64187007552881,-8.74978620913208,-3.44583740446702,-5.79855792010778
0.355835373617279,-7.91564645336872,-6.46634562677508,-5.7018426904051,-7.96080719724382,-4.82941428526237,-7.29274792287172,-8.06259542306168,-12.0242451894334,-7.26268424685694,-3.03290535588332,1.20776154773645,-4.89858523494789,-4.83272431876346,-17.7827677862741,-4.92488979147015,-8.58171040832797,2.0172319739444,-8.34286267093091,-6.16937601139545,-8.5010285401232,-7.63786446879821,-8.32907792030974,-1.65278091667442,-10.2087537906708,-10.8604810929639,-9.35155927059501,-1.37967845633326,-4.23816485607476,-6.36775300300224,-4.42124197670302,-9.99378167359596,-4.34046375986179,-6.67036320161513
-0.52385527610353,-9.14957065204504,-7.2111109640511,-6.41749018765052,-8.60205576669393,-6.11121185769642,-8.2202468006347,-8.7230090825711,-13.055996686729,-8.39634082617658,-3.76709097109144,0.515335368116047,-6.04816384295204,-5.63076427359101,-19.1238284835444,-5.93660471202018,-9.41548335520845,0.911879745498738,-9.39476092125501,-6.84874938444209,-9.36022226888769,-8.3556404453789,-9.52657180607295,-2.70879222291892,-10.7942450603914,-11.8836416631842,-10.5622920909273,-2.05884850158582,-4.99644507775572,-7.58079712730296,-5.23286081869423,-11.2183965372281,-5.218399897288,-7.58087684557907
-1.51586698109455,-10.3347284127882,-7.99248732954779,-7.24893097385817,-9.24727206620765,-7.31155733391639,-9.11407586779488,-9.42821082198558,-14.1028995131687,-9.57365653379562,-4.59253047654055,-0.199732827181276,-7.19258727400821,-6.42000788332618,-20.4152601471831,-6.9630127220536,-10.2845818025429,-0.208667066807197,-10.4726166456781,-7.53656061131281,-10.2747068765401,-9.12314957770545,-10.7449005152392,-3.77169909087191,-11.3939412081171,-12.8835145127911,-11.7284672447777,-2.78836348615808,-5.83657449353938,-8.69801100526405,-6.07483498986381,-12.3786830936398,-6.07000209676954,-8.49579908814776
-2.608092280366,-11.3927821218834,-8.82403289934197,-8.13800981793381,-9.87536273497969,-8.40330417232911,-9.91649234395601,-10.1737638337621,-15.1304730286,-10.7705469917592,-5.5206560548514,-0.956546672176634,-8.31952575504666,-7.15352979856215,-21.6218743227111,-7.98300701241916,-11.1443265192678,-1.33460285251115,-11.5399286693818,-8.2408886629336,-11.2347519055443,-9.90269869447779,-11.9112862785543,-4.79863250927144,-11.9931801429767,-13.8004898737695,-12.8001434470963,-3.60560865791833,-6.73250556825243,-9.72075441747332,-6.92075174052337,-13.4572261614034,-6.84295230090092,-9.37308385304124
-3.77140238176119,-12.3000156096236,-9.68583253204925,-9.04899943924526,-10.4249901855658,-9.33954288790209,-10.5811571160147,-10.9202345769234,-16.088020273016,-11.9201139377042,-6.55360714979803,-1.80917178003122,-9.38623450504172,-7.85338077251738,-22.7344231923057,-8.92519452223572,-11.9592781245834,-2.41796323708158,-12.5521934129655,-9.00469839927176,-12.1835106848502,-10.608332606936,-13.000441903228,-5.74770478846571,-12.5943929097284,-14.5740819120916,-13.7368248604199,-4.50039675677937,-7.65638260510102,-10.6374575829922,-7.75851384105645,-14.4594043258167,-7.54588209886557,-10.1822791239671
-4.92321398460203,-13.0364017877017,-10.5333919492811,-9.9162814275549,-10.8764198148561,-10.1135145329376,-11.0762761590168,-11.6006936766204,-16.9192693940396,-13.0089151681119,-7.62644501649099,-2.6490552522485,-10.3241303143052,-8.44872344220615,-23.7170381015906,-9.78392822916648,-12.6805730667804,-3.4171731958071,-13.4431564643051,-9.83054470963024,-13.0939135193495,-11.2276753634897,-13.9474726692215,-6.56755143132367,-13.1459202691138,-15.1952206264867,-14.550703981083,-5.42880132828696,-8.45113478074786,-11.4232072883,-8.55859213314288,-15.3885433376815,-8.15741826005784,-10.9171123884842
-5.96680110687037,-13.6797999723062,-11.2946630911643,-10.6923528673987,-11.2044178748107,-10.7651306774458,-11.4300490510927,-12.1366351017738,-17.6015847694626,-13.9970545838719,-8.68729844326518,-3.41170375014788,-11.097531126996,-8.98581867502116,-24.5741167226642,-10.5264268333364,-13.2710597116373,-4.26353832432587,-14.1595974695415,-10.6402780379706,-13.925496592645,-11.7101508391784,-14.7339491138688,-7.223253396303,-13.5866794242068,-15.6689809459484,-15.2768042870486,-6.35086538993857,-9.08685553710451,-12.0687370041168,-9.28887768457998,-16.2386760369609,-8.70962616625786,-11.5702161192456
-6.83156192832755,-14.324242284904,-11.924285447359,-11.3550503116475,-11.4282840183471,-11.3164252024121,-11.6892667567968,-12.4848484780385,-18.1247017438397,-14.8887980512769,-9.69968090425978,-3.97935516158125,-11.7180198099295,-9.54283838527729,-25.339035558016,-11.1941203381267,-13.752340384227,-4.92621181833312,-14.6996247339764,-11.3497749783676,-14.6317575780316,-12.0970923736897,-15.3360501326834,-7.72129152111886,-13.8964600695625,-16.0709546144199,-15.9772700644033,-7.21094147310235,-9.51698246756821,-12.6223399430018,-9.97178217103369,-17.0458910125841,-9.23452348999458,-12.1589854520188
-7.50382435528186,-14.990409238451,-12.4895025436746,-11.9129863099216,-11.5861306377395,-11.757898997087,-11.9473353063593,-12.7127444379259,-18.5367753566295,-15.7117568025118,-10.6424968299093,-4.32997926255542,-12.211362940863,-10.1000617516984,-26.0351889568483,-11.8000534531877,-14.1534033730483,-5.41584237989337,-15.143747497218,-11.8905083620111,-15.1865381814609,-12.4341956668034,-15.7626002270482,-8.09265927790605,-14.1363213030156,-16.4972667079874,-16.7015918490429,-7.99156101044301,-9.750757328227,-13.1484048585182,-10.5962831882031,-17.8109036297082,-9.79336084427231,-12.7149426051404
-8.00364238780943,-15.6444686207476,-13.0560746728775,-12.3835684618299,-11.6904047231517,-12.1230902449473,-12.2552206448767,-12.921903856169,-18.9207552927664,-16.4966565832691,-11.4937424781621,-4.51956061540065,-12.6204304689876,-10.7255799055507,-26.6664119187934,-12.379908085805,-14.5189377639888,-5.80013701215813,-15.588666664734,-12.2871357674346,-15.5965501128471,-12.7203467991693,-16.0434034166302,-8.42944760211426,-14.3528018101807,-16.9898821612053,-17.4414778409662,-8.6342150702542,-9.94250599599996,-13.6864748518491,-11.1943197560566,-18.5497187024324,-10.3953787605193,-13.2915284426415
-8.38784488000367,-16.2232772619184,-13.6398028438012,-12.7710420756506,-11.7378348045978,-12.4662248160148,-12.5771262369525,-13.1900547434325,-19.3204051888542,-17.2457423556781,-12.1920122270628,-4.71323726437078,-12.9377642276927,-11.2770623505516,-27.2482347208199,-12.8939943705259,-14.8931054508236,-6.12983824657854,-16.0718952480444,-12.6715778245131,-15.8722028919088,-12.9739641342083,-16.1444791482402,-8.79919107652946,-14.6268570470833,-17.5078842183874,-18.1166062620364,-9.11944675191407,-10.0962871538031,-14.1879723080462,-11.7184455312916,-19.2701872634995,-11.008973904725,-13.8662635475749
-8.67890901111028,-16.642772453281,-14.2037072075047,-13.037170546575,-11.7072090473889,-12.7505427911696,-12.9159240990687,-13.5520564094346,-19.7411262555842,-17.8999719342924,-12.7109681938958,-4.92337981716549,-13.1465223198923,-11.6666797026425,-27.7222715629616,-13.3309680550771,-15.2594499819572,-6.46060183374991,-16.5480613729672,-13.0974316732896,-15.9997826280139,-13.1094994184361,-16.1091142063483,-9.21500488467641,-14.971123211353,-18.0177287080768,-18.5848043654307,-9.42009622235995,-10.2547853877144,-14.5675479946427,-12.0911764428472,-19.9387130323886,-11.5479408586829,-14.3886307911927
-8.87952526131552,-16.8472055874647,-14.6494386355488,-13.1221310120801,-11.5224255268544,-12.9574564127526,-13.1347767033356,-13.9919103846671,-20.1426176474758,-18.3147338106705,-13.0000347517779,-5.07691911874177,-13.2426001580443,-11.750960991133,-28.0587199860141,-13.5572647733964,-15.5723031748749,-6.75910303724593,-16.8618181839586,-13.5460740288417,-15.9401345783623,-13.0484530173416,-15.9314051429553,-9.64805596015585,-15.3545874028272,-18.4790525895544,-18.7628198198375,-9.51503070343382,-10.3860796627881,-14.7560315255052,-12.1825568986086,-20.498636473766,-11.8849175886334,-14.8081437388527
-8.9797113761467,-16.9263144679016,-14.9785583302382,-13.0597551231015,-11.1000221419468,-13.08585654577,-13.1606781151481,-14.4221288252425,-20.4703165118481,-18.4060750387151,-13.0392612897473,-5.14055723692888,-13.2439004767807,-11.4491417144106,-28.1694957879481,-13.5105173631081,-15.7752278382691,-7.01593602165816,-16.9257440112418,-13.9941025102045,-15.6623265362967,-12.7057961855477,-15.6308123091933,-10.0359816776668,-15.7628712303794,-18.806339067506,-18.7356235971123,-9.42059065727218,-10.4250227242619,-14.7529995210167,-11.9251650231203,-20.8881360968829,-11.9522233877846,-15.0625738596816
-8.96695322158112,-16.9129023509234,-15.1822187666391,-12.92666947244,-10.3477594464432,-13.1156847757546,-12.9766950753464,-14.7505565146283,-20.6782989693421,-18.3005838270664,-12.8270287614764,-5.03009788307405,-13.2001351217815,-10.8533349529349,-28.0238106267919,-13.2085438188399,-15.7981419555166,-7.17044812763904,-16.8043825643282,-14.3875991218745,-15.2125987294451,-12.0674741452792,-15.307049843561,-10.2887816069823,-16.1191767678028,-18.9564833001162,-18.5045352257454,-9.159895384346,-10.2806885498793,-14.6377240389437,-11.3688424186659,-21.0648079365557,-11.733433976001,-15.1020671829706
-8.77134475330202,-16.7972673931391,-15.2187136570336,-12.6992727636246,-9.24632727206608,-13.0720840095071,-12.5267632094143,-14.8435069517637,-20.7196685414655,-18.0676869107998,-12.3715366972059,-4.75969446650743,-13.1406735984,-10.0888880232567,-27.5904646473443,-12.7062962644703,-15.5695900646242,-7.07856036623522,-16.5535469538349,-14.6734003601693,-14.6441624868929,-11.1302290308565,-15.0160263750115,-10.3460405838377,-16.318348540406,-18.9073605382801,-18.0536889341353,-8.76029377382091,-9.91607367370525,-14.4199344333648,-10.6209593065773,-20.9360996625412,-11.2749462220874,-14.8437107541649
-8.2591350862056,-16.5277335817364,-14.9917352346125,-12.3041072521998,-7.78200350394727,-12.9346065737512,-11.7812301353485,-14.6642484222909,-20.5614385121997,-17.6502126246245,-11.6905464758,-4.33341827725987,-12.9724794359202,-9.15345007107383,-26.8366358541845,-11.9501940096915,-15.027148158957,-6.58573116736545,-16.1964666302981,-14.7705602179298,-13.9504982800192,-9.86717200779981,-14.708097397971,-10.1485013543986,-16.2663775149761,-18.6103799458977,-17.3349377006598,-8.19719431614762,-9.31658716278682,-14.0589353235134,-9.63337773759122,-20.4526241301293,-10.5414004388141,-14.2418934194432
-7.34271123427257,-16.001974412231,-14.3951067491084,-11.6475303110214,-6.01541539043182,-12.579481741651,-10.7150357471823,-14.1878113555398,-20.1141648683916,-16.9663713877417,-10.7818758348035,-3.75702683283731,-12.6099978812079,-7.97451379393473,-25.7280797640721,-10.8902996374081,-14.0504486637769,-5.67561420042027,-15.6660129986589,-14.5562633565595,-13.1048236450808,-8.25665658460047,-14.321187172446,-9.625474709946,-15.9146704089912,-17.9776630674927,-16.275324252984,-7.37685181172963,-8.51397863604964,-13.4843737339456,-8.38417895809525,-19.5677128424085,-9.49135978611482,-13.2807096322702
-6.08916417104117,-15.1467346320562,-13.3746759995165,-10.6556537368717,-4.06018366899021,-11.9839766035778,-9.33918062231811,-13.4144632013828,-19.2685685779923,-15.9112763407816,-9.63735417443511,-3.04124303718839,-11.9841193782002,-6.52479890346272,-24.2456183482897,-9.47189752132825,-12.6095517260504,-4.43886794845731,-14.9276393028523,-13.9443508135366,-12.01401968665,-6.35888265889536,-13.7367169607125,-8.73411798871943,-15.2615598005924,-16.908771239677,-14.8167954146121,-6.28838410756943,-7.51908765371998,-12.6459258322544,-6.8795827550332,-18.303047529407,-8.11937211287188,-11.9492774410217
-4.57993998238431,-13.9754853395767,-11.9776122264559,-9.33041357114291,-1.94142161408814,-11.1087776226305,-7.7031020813046,-12.3444435906265,-17.9525269769584,-14.4659315749071,-8.23595983034704,-2.12406009642926,-11.0131324400945,-4.83607919757684,-22.3841866280772,-7.71755051564872,-10.7968400775109,-2.90760985280301,-13.8465692826989,-12.8875477044452,-10.6226552246243,-4.24415785665595,-12.846689511879,-7.47837592530283,-14.296020734079,-15.4225786685629,-12.995241052917,-4.89373419690103,-6.27836375120585,-11.5092845696329,-5.20985920291166,-16.7254414990936,-6.46291705720035,-10.3333604803202
-2.86418451566387,-12.5787372819581,-10.2821524680176,-7.76822271321127,0.231208901069497,-9.89388626398953,-5.82406805985494,-10.999328764767,-16.1619701071352,-12.719591622194,-6.59233829522986,-0.929678142432166,-9.64574560743982,-2.97833481246015,-20.1935333543973,-5.73738063522747,-8.71455471532616,-1.13845676993301,-12.3722011983635,-11.4447790186651,-8.97241846115216,-2.04812827552476,-11.6056442134528,-5.93191972282136,-13.0525264750857,-13.5648868205958,-10.9504233388989,-3.25889856219553,-4.78448993955481,-10.0772439748299,-3.40542871174286,-14.8885089755039,-4.60386963854791,-8.53474056030108
-1.035264736174,-10.9502887201166,-8.35164276693742,-6.00006450444452,2.35501960335607,-8.41437509304427,-3.74391736558408,-9.40905979378897,-13.9944388079029,-10.7744281433261,-4.75181436649697,0.576940072969968,-7.92130081456609,-1.10075145443702,-17.7665375112762,-3.66409762459822,-6.48165716557904,0.791935169698861,-10.5835101323717,-9.65352072596281,-7.11122616741634,0.133324425772453,-10.0582183055638,-4.20417279487119,-11.568156377889,-11.4881897271337,-8.82583674880311,-1.49533142886589,-2.96534345674382,-8.37022530583868,-1.47846003124581,-12.852304856757,-2.72093583403256,-6.663442269814
0.865397131431787,-9.10425097263495,-6.24126871495047,-4.08372794356754,4.3881509013333,-6.74370917799993,-1.5648291414576,-7.60342499107786,-11.6279049820543,-8.73227760506034,-2.78690733123374,2.28950741032679,-5.94829241996938,0.736025588614323,-15.2034741522903,-1.62464436630652,-4.21149602845135,2.81892831886416,-8.60091318111463,-7.62632176569222,-5.16090832357447,2.23545948719091,-8.26744359474841,-2.40022894996552,-9.89289599766167,-9.28474583017873,-6.69823738990406,0.337012639069702,-0.966140225902008,-6.43423776034438,0.477299019610774,-10.6862052523771,-0.941896593515585,-4.78078533431037
2.80345936509651,-7.09171216414827,-4.06416410094738,-2.07067799495325,6.29433526167756,-4.92674379723645,0.622241484309761,-5.65936335098212,-9.20380824586352,-6.61080621200076,-0.774770869695119,4.16514637940206,-3.75704143369313,2.50346264691869,-12.5974749856813,0.33639533181245,-1.98722481480192,4.82712384843134,-6.52565590711085,-5.4774983739646,-3.13477604921195,4.23401645527223,-6.2779751081053,-0.55077126967107,-8.01842263907846,-6.97130391828358,-4.57768469113624,2.20410359629844,1.0181737872648,-4.31158942200968,2.41045974132865,-8.45609951293081,0.740706567103449,-2.86277609445773
4.71772071226019,-4.99199817422712,-1.81914677817601,0.0110240091175853,8.14973545378022,-3.03669104020641,2.79287765942072,-3.62794883285217,-6.80263034105705,-4.43792901779466,1.23180675261717,6.13651848971618,-1.42672702004739,4.24567906196142,-10.0559757491677,2.23938095528626,0.138836610019508,6.8039559425029,-4.44401679687176,-3.28774555271692,-1.06366530902393,6.18553241283338,-4.14413912418256,1.35756060550286,-5.99648974479254,-4.59199802814143,-2.42080280679098,4.10384469310306,2.96029125421392,-2.04439828298094,4.36945352464166,-6.19281042448204,2.42740614178858,-0.942921189549025
6.60596553893986,-2.8184269007608,0.460633793085832,2.14389637071613,9.96114681579407,-1.12154348018706,4.97845695910986,-1.56603836156335,-4.41488231983235,-2.2015415370618,3.2262907599274,8.17214978392652,0.936743603306577,6.02505100949059,-7.59548676817611,4.124436205053,2.13996949489179,8.77820961818529,-2.38246562640568,-1.11970644597632,1.02946034095972,8.09456636351335,-1.97366403830664,3.35676142360729,-3.82535619467304,-2.19178932891128,-0.21399506991039,6.04849490499883,4.81479592723807,0.312606054935436,6.435538227498,-3.89326535001054,4.13586373977853,0.990324287814578
8.49343753376972,-0.638440053099162,2.78556611791582,4.31541971487073,11.7306852449471,0.848623524596389,7.17123066458292,0.488065552185046,-2.010051975974,0.0672211125839566,5.21894156348306,10.1654329865338,3.2914474203014,7.84140817151864,-5.20635503252609,5.9859245307491,4.08155023960861,10.7652025623597,-0.333571445739293,1.02122666621493,3.12405102679385,9.9729448991558,0.147511294273351,5.47471023125034,-1.63312904539137,0.18936379582129,2.00236889802079,8.06539496867374,6.60480642237507,2.63253197270078,8.53630897255432,-1.55841963445747,5.86008118799748,2.95552037309061
10.428731333058,1.50657529410757,5.14278596855966,6.47562853373822,13.4426590707964,2.84959960036662,9.41051312368149,2.57393532418794,0.425526321053493,2.32687166386221,7.21931402843986,12.089883974129,5.59880697438609,9.58447434228149,-2.86521064882628,7.84289581443059,6.07034509378465,12.7785892879165,1.69716419272319,3.1441006920918,5.23256611700464,11.8138934762881,2.20167963984274,7.71401857806271,0.588845379160998,2.52083960792577,4.16097564324326,10.1459486769133,8.37525625389882,4.83214304254442,10.5794753860374,0.835910782562591,7.5883833881603,4.91421784670031
12.3656423856313,3.59664543023725,7.49564043812462,8.61015234741926,15.1109858354828,4.91327226857367,11.6464145720912,4.66650669832074,2.91804486547818,4.50772936533226,9.21565564522833,13.9785140092269,7.87543306512695,11.2402389655566,-0.557731112296609,9.67115244800486,8.09201548488564,14.7756732965766,3.72210779082138,5.31259911182197,7.35510141144096,13.6039314466374,4.17652434123437,10.0110395999061,2.7925442037708,4.83381376351831,6.21813042214669,12.2479124543206,10.1555067735214,6.99379845834077,12.5113265440122,3.23729395222455,9.30339498337934,6.84184096484274
14.2554934517676,5.62772946708135,9.78628310241199,10.6690480252241,16.7374537395638,7.05928607566313,13.7888439912649,6.74607961316284,5.41058442905043,6.56608290185541,11.161711833223,15.8443136984168,10.132937489888,12.8513499353188,1.71649201857037,11.4734797142282,10.1116911366946,16.7200838374656,5.69130479731796,7.45724525846368,9.43113251152842,15.3719736312984,6.07936049107987,12.2951765328782,4.94054542433201,7.13309352399987,8.16609814729303,14.2693396528792,11.9146064049943,9.18602391122301,14.3814737859047,5.63016521329721,10.9600657886907,8.75683480606892
16.0511097760235,7.56451362201655,11.9679059633764,12.6050081755872,18.3128883134899,9.22911881989734,15.7906783410513,8.7704539558998,7.85702479552971,8.52855997132526,13.0379682059885,17.7057897725962,12.3601219483909,14.4242297735557,3.92595400834083,13.2307931664458,12.0583671657676,18.5454272879229,7.56339580456741,9.51691760143462,11.4252086088972,17.1007725735977,7.93619877487098,14.4436976261402,7.03044600049622,9.37728950930228,10.0493770703121,16.1863917974237,13.6384831269146,11.4223645913242,16.1941397697277,7.95482840498704,12.5612583089294,10.6411718046118
17.7157881705024,9.48414411414189,13.9911621783693,14.3636325264373,19.8471573239535,11.3589243334505,17.6103934496009,10.7263779969217,10.2049901809196,10.3507333842345,14.8615339278439,19.4830758800921,14.5678193164791,15.9653786724738,6.06506767000721,14.9428944902142,13.8813996252783,20.2205927029017,9.37977399145988,11.485322598861,13.3030187580584,18.7540859174638,9.76939897188765,16.3977418051314,9.05547184631009,11.5517680569888,11.83042542147,17.9396776308604,15.3138356785603,13.6624032810744,17.9305501836392,10.1835994317076,14.1110854800322,12.469405514305
19.241940499373,11.3879399277197,15.8517014684907,15.9854274801751,21.2947054211941,13.4483614042769,19.2406724407654,12.5977410453801,12.4275950423609,12.0469429776443,16.6187513216797,21.1955281371858,16.7354516272068,17.4613933822329,8.11736940884359,16.5962269911665,15.5998916036403,21.7960656857223,11.1513929420009,13.313872564874,15.0579070739568,20.3208278771502,11.5872361203763,18.1224754400617,11.0025466995865,13.6568917681331,13.5226484235106,19.5540440243116,16.9404229147921,15.8879026071211,19.5690838270911,12.2871772309691,15.6077462088632,14.2153917998497
20.629895476672,13.277325470947,17.5612730121416,17.518242596317,22.6252236071354,15.5172844386993,20.6781907600506,14.3713885734798,14.5248155806849,13.6369024635445,18.2659621216927,22.8281490739527,18.8750701315938,18.8885890004347,10.1090304369863,18.2378484115647,17.2146400215341,23.267310991267,12.9168354658319,15.0240150124065,16.6887227328401,21.8065408862822,13.3798161159745,19.6314494292194,12.8530110469648,15.680980864249,15.0618167920133,21.011745407697,18.460465180395,18.0586528922836,21.1138838731672,14.2880717539956,17.0557652747705,15.8676741334296
21.9344302679779,15.1187399017518,19.1446637504681,18.992553321813,23.8611702253066,17.5618177461395,21.9521192595479,16.01811611991,16.5130240188861,15.1322461162871,19.7989855873896,24.4005403267377,20.9688714738039,20.2435676624862,11.9944727993853,19.8377703627211,18.7537913717234,24.6800562129703,14.6534913107546,16.632947848154,18.2121822570037,23.1763524502391,15.1536513945953,20.9765818985933,14.5636880742456,17.6164107263575,16.4570688004578,22.341229441618,19.9945868150844,20.1797209405083,22.5426537878651,16.1800585885189,18.4465824032803,17.4172969617386
23.1590197299636,16.9144554487642,20.6405133194488,20.4046270298093,24.9793062579377,19.5632148166267,23.1097596957575,17.5389289424569,18.3698309469337,16.575696076748,21.2153656740039,25.9836869665022,22.9926970058787,21.5006942050798,13.7808155015183,21.3788401258789,20.192583468772,26.0220025593695,16.3280144458303,18.1317998108234,19.6361425280353,24.4505776190503,16.8569423442211,22.2016225913547,16.1095166626714,19.4732394585476,17.752040288993,23.553163617421,21.4915608383121,22.2243706874569,23.8282790503994,17.9777537933475,19.7656502463428,18.8843389313042
24.3341105711608,18.6391150784273,22.0570807267534,21.7737621289843,25.970780941439,21.5055343172496,24.2072569127382,18.9222449295243,20.0938894150461,17.9611708833714,22.5449800326841,27.4930379037133,24.9141203689035,22.6676598829708,15.4501700201499,22.8200540729615,21.5274269517179,27.3218850905078,17.9282671556826,19.5330742407254,21.0049454513199,25.5855754109129,18.4831457171967,23.3714582689834,17.5367879669162,21.2294169172269,19.0029778158551,24.6899220287211,22.9354020412364,24.1657291566802,24.98163157428,19.6853668765242,20.9816448802249,20.2853100600936
25.4885604278681,20.2783335548187,23.3917911512906,23.090161065461,26.8367690413638,23.3390746991429,25.2962121202,20.1848524375361,21.6706244470247,19.3179544440117,23.8063422231232,28.9445229071971,26.6944767165158,23.7265674460785,16.995555203321,24.1221353976981,22.7353403016794,28.5783541131417,19.4444110497712,20.8413608944435,22.3365652149119,26.5666612810752,20.002756880519,24.4919317893002,18.8425166958134,22.8461840844597,20.227324829554,25.7738475338564,24.2552444371308,25.9722524016071,26.0096556798906,21.2878863443507,22.0895636167145,21.6077098845279
26.6006087090707,21.8039581302055,24.6315178818174,24.3330029615343,27.5633057101326,25.0418759746065,26.3658443076073,21.3378821091612,23.1160104414392,20.6582831101253,25.0296725628162,30.2941795521969,28.3051949580871,24.6847708586296,18.4093836862311,25.2834818642631,23.8381716808138,29.7922259901832,20.8861227179473,22.0535157678976,23.6071887815284,27.4226722050871,21.3903446037211,25.5755490611616,20.0650717070831,24.2879376298621,21.4015424823804,26.8387641856915,25.51271357466,27.6216555564563,26.9214034042449,22.7663482539102,23.0719346629494,22.8329686505486
27.6435552854697,23.214682889677,25.7444032663011,25.497486721895,28.1387064562457,26.5858714319525,27.4130554309372,22.3895565597812,24.413929207324,21.9336901471732,26.2176483638935,31.4381210913311,29.7138035314684,25.5112255934845,19.6931514849316,26.2596584239544,24.835814042715,30.938211597348,22.2329769064768,23.204039687487,24.806914706806,28.1249939301674,22.6524680382377,26.6213636002738,21.2000802643806,25.5271685547673,22.5060273773847,27.8915119310978,26.6992919471008,29.0863716813338,27.7156419289525,24.0995648287356,23.9325984095319,23.9473452691047
28.5836187708744,24.4491314012173,26.7408034411987,26.5615752043298,28.5605744421811,27.9591588417287,28.4227784242626,23.3472900498563,25.5408910118302,23.1079186173404,27.3535138552539,32.4245618356295,30.9094713353207,26.2124860892856,20.8398284260129,27.058276149354,25.7279110775047,31.984622119345,23.4509774582761,24.2837661688287,25.8744705293982,28.6717705618876,23.7962346209137,27.6119217898701,22.2552697590773,26.5573902221161,23.4869902032673,28.8981282641778,27.8343277100293,30.3237818268837,28.3688652043856,25.3087720468051,24.6616262285519,24.9370470024753
29.3790103544358,25.529043884486,27.6021391445191,27.5027525831884,28.8602520116596,29.1430260943394,29.3619507592663,24.1738165049429,26.4798460604547,24.1512055689115,28.4166611451522,33.273567184503,31.8696916174649,26.7820842582465,21.8492200021256,27.6801615629247,26.5112655463147,32.9121195894463,24.5273330455117,25.2815118696163,26.8156121265738,29.0594043106724,24.8059479799659,28.5366008510754,23.2330798520404,27.4031052626954,24.325603077296,29.8464278936587,28.8704092477966,31.3734381996144,28.8491788628019,26.3532480162941,25.2751193547744,25.7912810869328
30.0383140727458,26.4316229918636,28.3352380127908,28.3338962967722,29.0322920117156,30.158040877024,30.1867072967551,24.8754194601407,27.2113011470132,25.0393873291538,29.3713825568283,33.9773287095438,32.6048158479041,27.2181392556448,22.7049726268173,28.1192726475877,27.1707254544233,33.7163793945363,25.4211672340266,26.1825476074478,27.6024505374896,29.321189530327,25.6775099586565,29.3777875227787,24.1265704844134,28.0629703952425,24.9952506786221,30.7154905433524,29.734822529129,32.2260796410219,29.2034508670887,27.2417511993295,25.7935248054727,26.4906931193865
30.537345093328,27.1570041079261,28.9347637547737,29.0616265573834,29.0735023181502,30.9823090305978,30.8401070881342,25.4452411374591,27.7378158127352,25.7649263920152,30.1929572443374,34.4997430589657,33.1335713073249,27.5266437650746,23.4092393461311,28.3945271100666,27.7151217248788,34.3693173205408,26.1222066750763,26.9561548159126,28.2340753468819,29.4535237607668,26.4096930312093,30.1060734454073,24.8841649980649,28.5465091340143,25.4940399013813,31.4589227521759,30.4177917928193,32.8775067108453,29.4499952079177,27.9580364065697,26.2447380296359,27.0375157681912
30.8771252545536,27.7258396346902,29.4153466283632,29.6703674765822,29.0278036389606,31.6011464082083,31.2883339156449,25.8750322636622,28.060481565495,26.322999157,30.8482518176786,34.8963744173453,33.4640986531071,27.7479194959202,23.9579223954544,28.5264330531223,28.1409306793394,34.8485303209181,26.6180209870788,27.574449003245,28.7369499989124,29.4317110658702,26.9644618710832,30.7060321284735,25.4775914746079,28.8484453038303,25.8418957415884,32.0424095115479,30.9593908599164,33.3371109372774,29.6313546235293,28.4923908135847,26.6358989662386,27.443819965112
31.017145062297,28.0962477915967,29.7499724721866,30.1827190276762,28.8926317506217,32.0040314756843,31.525424994744,26.1431807106786,28.1992987426376,26.7107572371165,31.3167548545901,35.1483728521144,33.6038420460091,27.8522658909348,24.3348221972381,28.5403737758534,28.419270616467,35.148483949832,26.873398193503,28.0409017242767,29.1050771943797,29.3080745945632,27.3297273596875,31.1609735703573,25.8903403282219,28.9961998606863,26.0616131207254,32.4474659166233,31.3072769640003,33.6128186559633,29.7479110111148,28.8260906206797,26.9812081465789,27.6944025398042
30.9655955839147,28.2724914404473,29.9530901053583,30.5770444068662,28.7002454242595,32.1852044541117,31.546691616186,26.2432670644805,28.1763429949523,26.938356135215,31.5714085475187,35.2616173775699,33.5678668033166,27.8853947043459,24.5307901737272,28.4683574603104,28.5532283311908,35.2368281566045,26.8854767257694,28.3444634692038,29.3415970641981,29.1117788228813,27.5014404394874,31.4437046475211,26.1106133404364,28.9679521373959,26.1801017135943,32.6535310998252,31.4700537009664,33.7178697484329,29.7725442128468,28.9445566549059,27.2893471960343,27.8064097782057
30.7128403331945,28.2823855468775,30.0263624255435,30.8254835860203,28.4554782277467,32.1601796338357,31.3736309667551,26.2455156825452,27.9991748482171,27.0083280792775,31.6010899485026,35.2209540143249,33.3965619305557,27.8037937981264,24.5436007171707,28.3154252279404,28.5247462361677,35.1287439025242,26.7016735017539,28.5122898800992,29.4415789837454,28.8389318115499,27.5045707833671,31.5482451683325,26.1361047267471,28.7708758659625,26.2028737406843,32.6481804949574,31.4362108468132,33.6536724757908,29.6967704578138,28.8488092577858,27.5373412831608,27.7480647543226
30.2405952443444,28.1210163062599,29.9761340563933,30.909844592768,28.1343203059029,31.9382866169845,31.0036026911733,26.0809065084588,27.6947519773851,26.9183975217439,31.4174113227063,35.0050195003057,33.0415735768323,27.6277667097337,24.3895749997729,28.1187774486164,28.332082428783,34.8001278422286,26.3470026129292,28.5347738823827,29.3969092530293,28.4826540701549,27.3183528046154,31.4654170993662,25.9719656477468,28.4039294638895,26.1383005084862,32.4397483295593,31.1813895661223,33.4250975815093,29.517805488101,28.5422622306828,27.7200305049172,27.5327210261289
29.5764868142751,27.774000610546,29.7972577755302,30.7946965078181,27.6950950304095,31.5641919671539,30.4676998791796,25.7870898337817,27.2561888735794,26.6876959444002,31.049696416336,34.5326809622133,32.5248212537904,27.3892392027117,24.101053128323,27.868611703487,27.970496325059,34.245907464023,25.8646891528514,28.4088924996584,29.1849470196417,28.0407469879641,26.9604485403714,31.2039246401857,25.6011136044122,27.850980848404,25.9791466390477,32.0372816144943,30.6832988789422,33.0003850406093,29.2390285290382,28.0645177105772,27.7953266285229,27.1386839671881
28.7410871702909,27.2353810437095,29.5200808966046,30.4872397176722,27.1166370665349,31.0868721269553,29.7843906172361,25.32975045943,26.7096975836019,26.3575634182107,30.4911052200685,33.8175540480327,31.8593284874306,27.0878940540701,23.7182136148317,27.580582130673,27.444522196292,33.4488794532286,25.28728963994,28.1533417713969,28.7664969330154,27.5021866085692,26.4848267906297,30.7706004423265,24.9917268914448,27.1206945070277,25.7386582990897,31.4716448833208,29.9370689821999,32.3716481592001,28.902635515847,27.4758178964979,27.7426260143676,26.5710749380857
27.7470513082947,26.5444160473878,29.1752040256497,29.9892279221375,26.4344559826331,30.6290033468389,28.9927305928585,24.7476566861693,26.1248248278445,25.9912641655252,29.7892324188325,32.8497360708377,31.0944415275582,26.7405904096548,23.2926018788279,27.2682514537362,26.7879962887032,32.403096353406,24.6832267686869,27.7449889837217,28.1279932186981,26.8962843555159,25.9895614836677,30.2057095131313,24.1762253140938,26.2154566837101,25.4237188032377,30.7420475944856,28.9857490278165,31.5656851092268,28.536539862398,26.8248703842371,27.5973915223034,25.8558430952369
26.7082786708425,25.7629499688503,28.7424261598698,29.2980662591564,25.6952873078509,30.2816628641284,28.1614079150635,24.1078925819367,25.6149993368052,25.6785623998359,28.9477634513795,31.6631823766991,30.3031059580659,26.3486005213567,22.8431983931308,26.9824825215344,26.0789229796476,31.1604334793342,24.1406252610939,27.2245431011378,27.2785180559013,26.2894348853632,25.5912248869908,29.593067861182,23.2254546193339,25.1861244384216,25.1088648976184,29.8730796359151,27.8895488518776,30.6610036295279,28.204830632348,26.1795777440584,27.4220498511288,25.0822162118114
25.7270150579334,24.980289549008,28.1975380686278,28.4957604571894,25.0154944896265,30.117520191309,27.4158600283812,23.4448820926155,25.2672615429802,25.4779669475676,27.9762798636193,30.2873614543873,29.5611477315557,25.9738061740049,22.416044482547,26.7753734497073,25.3936683189168,29.8242053194256,23.680805437719,26.6115218593404,26.2616151399127,25.7431548795475,25.3042535623931,29.0790551996758,22.2270729489012,24.1993780704125,24.8657825597549,28.9026741962143,26.7128085427102,29.7459386825503,27.9930272357031,25.6056768453885,27.3206795223348,24.3416872442251
24.8772651639188,24.3232600425198,27.6045811638715,27.6145313243832,24.4743135539547,30.1330873988406,26.9161895981731,22.817643698646,25.1505237624344,25.4524374891016,26.9033828845964,28.7836963715676,28.9336973646721,25.6363697224145,22.0481400404776,26.7035385201409,24.770960408944,28.5222661506799,23.3127720953606,25.9876680953871,25.1861819987269,25.2913073755118,25.2527052700059,28.7985288959626,21.2822730799353,23.4363546955635,24.7375640137023,27.8875283802233,25.5167056888827,28.8793549260079,27.8990912501801,25.1846588394076,27.3672511112521,23.7255403092119
24.194684833274,23.9163873653831,27.0448363373494,26.695687144635,24.1462788090103,30.2968106613789,26.7744913185865,22.4106453098676,25.3002314044187,25.6311809556254,25.8580407963263,27.2923553036535,28.5744960253948,25.3628347480507,21.8003503865021,26.8317262683099,24.2347420055853,27.3799949971223,23.1063628264732,25.3577349257864,24.1438234418116,24.9144387702865,25.432907267851,28.8077185428616,20.4918521658406,23.0126477511098,24.789037167761,26.9572980377462,24.4407570852661,28.1895848850574,27.9446997961814,25.0081589200856,27.5696876004427,23.290141021697
23.7192306465892,23.8491226386477,26.6724581042675,25.791805945815,24.0498762052481,30.5276676031427,26.9577488179499,22.3177382501591,25.6694778122208,26.0023369738341,24.9730294349001,25.9983103088337,28.6729972009415,25.2116333459457,21.7027450429656,27.2123551165932,23.7748732592291,26.5457001150204,23.1799921189765,24.8138557804375,23.2304289511736,24.6012460179104,25.7487959906437,29.0909412190675,19.9653322910097,22.9418436487551,25.0699185772033,26.1584878504968,23.6908219783804,27.8188409720196,28.084239824371,25.0996600876321,27.9876065413237,23.0691777521031
23.4931489412289,24.1285592358278,26.7258593909032,24.9873099423649,24.0606489532727,30.7793066862641,27.3891203848282,22.5324774690202,26.2051505412593,26.460962121177,24.334739001288,25.178099070388,29.1137041951969,25.0797721416833,21.7624691565723,27.7282526268607,23.433765520472,26.0789362697932,23.4607067250598,24.5092553956777,22.560245379292,24.4205455113127,26.1506297919578,29.5732161681718,19.7559381858648,23.1945247472319,25.4648622853855,25.540880359179,23.3498745058521,27.7942721397734,28.2377043737831,25.4070074213931,28.4964842630414,23.10200378574
23.5339984134908,24.6349900026952,27.1680807408081,24.3969960605937,24.0226583403666,31.0190551656508,27.9540300892572,22.9680682472252,26.7846882570444,26.9063093282728,24.0279274924897,25.0270824024777,29.6299139721536,24.9690807648634,21.9265005451943,28.2664688990344,23.2423234222876,25.9493998623264,23.8125487849032,24.6170951243033,22.2572656218449,24.373968753183,26.5943156167738,30.149269888822,19.8670300627235,23.6733079598132,25.8957800893543,25.1294255866606,23.4340748913842,28.0125985114057,28.350888338428,25.8554956727183,28.9890973912903,23.3935422892805
23.7769183811619,25.1623380547637,27.7535242647316,24.0668931707311,23.7762232651696,31.2485789301718,28.5170769999754,23.4941398589196,27.30487414803,27.2510344046072,24.0385181758736,25.4368844824389,30.0808369307685,24.8095048180747,22.1120549311911,28.7120019923708,23.1470533277204,26.1486436098476,24.165143482523,25.0082681298977,22.3328978070078,24.3261524122107,26.9892411080464,30.7203728589091,20.2589581612419,24.215050391534,26.2518584007603,24.9234055976685,23.7640970870732,28.3409988452161,28.3411830911284,26.361751007594,29.3920765040886,23.8021203013892
